Variable,Shapiro-Wilk p,Anderson-Darling stat,K-S p,Jarque-Bera p,Is Normal (p>0.05)
Sleep Duration,1.2678283000990912e-11,7.30404401025811,8.666442443973263e-06,2.4563539813962663e-06,No
Quality of Sleep,1.8815294645817528e-15,15.553714451799351,2.2823728685601914e-13,0.003139113387522499,No
Stress Level,1.1126085088535512e-15,12.640984192765927,8.9566411435333e-09,5.416834698927759e-07,No
Heart Rate,2.6849518855928184e-16,11.012488240150901,7.176557585568287e-09,7.549098088520982e-38,No
Daily Steps,1.6531796290397034e-11,8.906952448004745,1.688476741673139e-06,0.10442550799233304,No
