Metric,Value
Total Records,374.0
Avg Sleep Duration,7.132085561497325
Avg Sleep Quality,7.31283422459893
Avg Stress Level,5.385026737967914
Sleep Disorder Rate,41.44385026737968
Avg Physical Activity,59.17112299465241
